{
  "items": [
    {
      "title": "Raspberry Car",
      "description": "Using only basic JavaScript code, node.js, socket.io, a Raspberry Pi and simple electronics, we were quickly able to gain control of a cheap radio controlled toy car with the use of our mobile device.",
      "author": "Eric Svensson",
      "image": "raspberry-car/app_photo.jpg",
      "url": "raspberry-car/app/index.html",
      "links": {
        "YouTube": "https://www.youtube.com/watch?v=rAHd6haIOQE",
        "GitHub" : "https://github.com/evothings/EvothingsGallery/tree/master/raspberry-car",
        "Article": "http://evothings.com/controlling-a-toy-car-with-evothings-and-raspberry-pi/"
      },
      "tags": "raspberrypi,wifi,toycar"
    },
    {
      "title": "BLE Car",
      "description": "We hacked a remote control car replacing the radio controls with an Arduino micro controller so we could control the car from our mobile devices instead using low energy Bluetooth for communication.",
      "author": "Aaron Ardiri",
      "image": "ble-car/app_photo.jpg",
      "url": "ble-car/app/index.html",
      "links": {
        "YouTube": "https://www.youtube.com/watch?v=OVSyoz736js",
        "GitHub" : "https://github.com/evothings/EvothingsGallery/tree/master/ble-car",
        "Article2": "http://evothings.com/evothings-hacknight-part2/",
        "Article1": "http://evothings.com/evothings-hacknight-part1/"
      },
      "tags": "arduino,ble,toycar"
    },
    {
      "title": "Camera Remote",
      "description": "Controlling a camera from an Arduino micro-controller opens up a world of possibilities from advanced time lapse, nature shots, catching the cookie jar theif to astronomical photos via a telescope-mounted camera.",
      "author": "Andreas Lundquist",
      "image": "ble-camera-remote/app_photo.jpg",
      "url": "ble-camera-remote/app/index.html",
      "links": {
        "YouTube": "https://www.youtube.com/watch?v=BR1zAzkk_RE",
        "GitHub" : "https://github.com/evothings/EvothingsGallery/tree/master/ble-camera-remote",
        "Article": "http://evothings.com/diy-camera-control-on-your-smartphone-via-an-arduino-uno-ble-shield/"
      },
      "tags": "arduino,ble,camera"
    },
    {
      "title": "TI SensorTag Demo",
      "description": "The app connects to the closest SensorTag when started and displays readings for the different sensors. You can modify this example to do something interesting with the sensor values. ",
      "author": "Mikael Kindborg",
      "image": "ti-sensortag-demo/app_photo.jpg",
      "url": "ti-sensortag-demo/index.html",
      "links": {
        "YouTube": "https://www.youtube.com/watch?v=MOwbACSEhos",
        "GitHub" : "https://github.com/divineprog/evo-demos/tree/master/Demos2014/TISensorTag",
        "Guide": "http://evothings.com/quick-guide-to-making-a-mobile-app-for-the-ti-sensortag-using-javascript/"
      },
      "tags": "sensortag,ble"
    },
    {
      "title": "Elevator Remote Control",
      "description": "With the use of an Electric Imp, a simple electronic circuit and a simple mobile application developed with Evothings Studio, we can remotely call the elevator and unlock its doors.",
      "author": "Eric Svensson",
      "image": "elevator-remote-control/app_photo.jpg",
      "url": "elevator-remote-control/app/index.html",
      "links": {
        "GitHub" : "https://github.com/evothings/EvothingsGallery/tree/master/elevator-remote-control",
        "Article": "http://evothings.com/how-to-make-an-app-for-remote-controlling-an-elevator-part-1"
      },
      "tags": "electricimp,relay,elevator"
    },
    {
      "title": "Magic Stone",
      "description": "The app itself is a modification of the Texas Instruments TI SensorTag example app that comes with Evothings Studio. The accelerometer of the TI SensorTag is used to move an object on the screen.",
      "author": "Mikael Kindborg",
      "image": "magic-stone/app_photo.jpg",
      "url": "magic-stone/index.html",
      "links": {
        "YouTube" : "https://www.youtube.com/watch?v=Cxd0OS1FNsc",
        "GitHub" : "https://github.com/divineprog/evo-demos/tree/master/Demos2014/MagicStone",
        "Article": "http://evothings.com/magic-stone-make-mobile-iot-applications-using-the-ti-sensortag-in-javascript/"
      },
      "tags": "sensortag"
    }
  ]
}
